0,B097QK6W46
1,B0911MSYGW
2,B0773ZY26F
3,B092XF3W9T
4,B078HMK7S3
5,B08BF4CZSV
6,B098YKNVWR
7,B072M34RQC
8,B0863881T1
9,B08LLD2QXJ
10,B08FJK6283
11,B088YN9LBK
12,B092VVZ5T8
13,B097R6T719
14,B08V6MNW9P
15,B07XZNXWGS
16,B087V5RLFB
17,B07PDHSVSW
18,B08HPJ1Z35
19,B078HSKBG3
20,B08PFLYPW2
21,B087QRW81Z
22,B088G1PKKN
23,B095J68CKG
24,B07XV1519W
25,B07YGZ7C1K
26,B01G1590FS
27,B08T5SZYQN
28,B082VZP76P
29,B01CX26WIG
30,B078HQH2B2
31,B08LCPNPNG
32,B08X6QYPQ3
33,B01G15982S
34,B08XQSSZHM
35,B0148NNKTC
36,B07RNMNWSY
37,B07MG85X1M
38,B07QPBXVBQ
39,B00W95RR32
40,B0787WGCXT
41,B08L6KCHGS
42,B07BFJSYFM
43,B07PGL2WVS
44,B08DJB7VVY
45,B089BTLL9K
46,B08YGVZRBD
47,B09BFWJ1W3
48,B00ECDM78E
49,B0863881T1
50,B08LLF9NS1
51,B097QK6W46
52,B07Z8TC28F
53,B01G15979W
54,B01G16LC4E
55,B07Y2QPG3B
56,B079K3MXWF
57,B01BX3FCJG
58,B07YGZL8XF
59,B08CYGSF9M
60,B07DKD92ZB
61,B01G1596CU
62,B088VMY23M
63,B082411MFS
64,B07TNM8L6S
65,B08CM6JKYT
66,B08D3Y5PFZ
67,B085R9Q1K6
68,B094QTGHNZ
69,B082VZP76P
70,B08D3Y5PFZ
71,B0812DHWCJ
72,B07WQ4FXY9
73,B07QPBXVBQ
74,B087N3JPLF
75,B0863881T1
76,B0911MSYGW
77,B08WNQFWQN
78,B07KXHTRT5
79,B08GSRWH6M
80,B095VSC3KG
81,B094HPNDCF
82,B08FJHMTZJ
83,B097QK6W46
84,B07D74DT3B
85,B07Y2RB6SV
86,B091BCRJR7
87,B08J9PTTFQ
88,B08T5SZYQN
89,B08XQSSZHM
90,B074F28QNS
91,B0876DBCBX
92,B08CVTTNN4
93,B075KFPJ5C
94,B07TXM7K4T
95,B08WWKJGDV
96,B085R9Q1K6
97,B07BFJSYFM
98,B07MQBPMJ2
99,B0911MSYGW
100,B01JGYM5H6
101,B08CZ8QJTX
102,B091G2FDMM
103,B00ECDM78E
104,B094QTGHNZ
105,B08CXD9TFZ
106,B07HQYQ63F
107,B08YFM69Z4
108,B0849N549L
109,B07YF98LDJ
110,B07ZSYNSSG
111,B08YFM69Z4
112,B096PS1Z8N
113,B07WMTLW2R
114,B0768N21RY
115,B087JB656Q
116,B07WVNBY1G
117,B08YJR5V8V
118,B08YFKYBR3
119,B01MXXQKGM
120,B08YFKYBR3
121,B08JQSBNYH
122,B08G5T5W76
123,B097SMZBSN
124,B082BYRR3L
125,B07HKV5RLG
126,B08YGS5LJV
127,B08FJH5WWD
128,B08MV7B7WF
129,B07VPMTWMC
130,B00XIFMQ2Y
131,B08V86LGBS
132,B07VFPYRP3
133,B09B8WLYGD
134,B08G5T5W76
135,B0927959GD
136,B08WYKH8RF
137,B07LBM2DCC
138,B07WGQTV49
139,B08DG9JL1V
140,B08ND5PHND
141,B08X2KSPFD
142,B08W3G6MQ6
143,B07KXSR99Y
144,B08ZT31QCN
145,B010BEDV7S
146,B08Z66BHWW
147,B08NFG4FNB
148,B07GG8RVXP
149,B083Z2RPB9
150,B08R697M2Q
151,B087792CQT
152,B08YGTHBCC
153,B08YJJKJQ6
154,B08RH8VGG9
155,B07YX5NKK2
156,B08QTLYPVT
157,B07G3YRT4H
158,B0731LYY9P
159,B087N4LQPN
160,B0043T7FHK
161,B07GD7H18F
162,B08FF3JQ28
163,B07ZLY26FW
164,B08QV1FHWK
165,B079H5Z4S8
166,B08FRHB9HK
167,B07X6KJKNZ
168,B06ZYHZ6R6
169,B01BMES072
170,B09FWZY29D
171,B08SZH8J2T
172,B07R5R9VR9
173,B07JXCR263
174,B081PSV6CC
175,B072XFFQ4K
176,B08G3LXB5C
177,B08FWN57DG
178,B07L99L5KQ
179,B08QMNKQZN
180,B0921YZC94
181,B07FFC14SZ
182,B08HDMB2WN
183,B083XKS6NB
184,B07D5L78TH
185,B08K2GYHD8
186,B08DWD38VX
187,B08JQSMV4G
188,B09D7BDNLZ
189,B08F7YMH6Y
190,B07N8NCHJF
191,B07JF8DQZJ
192,B08QV5HN2K
193,B08JHGH42Y
194,B086H26XWV
195,B08X4XZVXL
196,B083K17XLH
197,B07JR9R5YS
198,B09BBP2LY6
199,B07CY6D33L
200,B08JB1NKN5
201,B08FNW672V
202,B082X46ZGD
203,B07WPFP6S4
204,B0971N6TN6
205,B091JHHYHY
206,B00KWCD8D2
207,B097NXN7RF
208,B083TDZJD7
209,B08S8W3MMM
210,B08P7VKWPB
211,B086ZYQYKH
212,B07Y5XHQKZ
213,B07Y5XHQKZ
214,B08M31P1CY
215,B0817JCFJN
216,B08T5WNM95
217,B078GSH1LV
218,B07Z1F86KV
219,B08SJ1FWCT
220,B09F9WVYTY
221,B08H8PVPXV
222,B09B4SZ3YP
223,B092DT75WX
224,B08YMW8YY4
225,B078HWBGH5
226,B07NPT78C6
227,B08SJF7TZ2
228,B0813MP9JZ
229,B01F6UTURM
230,B088MLC8PH
231,B08BCR862L
232,B097GR83QQ
233,B082VZP76P
234,B07GBY2M8V
235,B06X9C6XFK
236,B01A0ZRRCI
237,B07D377Q6D
238,B096PNMSQZ
239,B0863881T1
240,B0911MSYGW
241,B094LDMHJS
242,B08X6KFMRL
243,B07R7636MH
244,B08R7QY4K5
245,B07F733RYH
246,B097QK6W46
247,B08T5SZYQN
248,B07D74DT3B
249,B07Y5VS144
250,B097GR83QQ
251,B083C31JW7
252,B08XQSSZHM
253,B085R9Q1K6
254,B07D377Q6D
255,B06X9C6XFK
256,B084R2XYM9
257,B07R7636MH
258,B07F733RYH
259,B08P7Z4L73
260,B094QTGHNZ
261,B07BFJSYFM
262,B00ECDM78E
263,B085HLDX1Z
264,B08G57LF6X
265,B09997HB8T
266,B08R7QY4K5
267,B082GTFJB5
268,B096YP8MV9
269,B07774L6TT
270,B0829S7178
271,B07YF98LDJ
272,B07ZSYNSSG
273,B083F4WCBM
274,B09C1XDZH6
275,B08DTNK3V5
276,B07HKM16DT
277,B083C31JW7
278,B0927MCSYW
279,B07ZHHHBM5
280,B08W53Q1WV
281,B08TCK5Q3T
282,B07MSSR4QC
283,B01MXXQKGM
284,B08DTNK3V5
285,B0927MCSYW
286,B078GRM2MV
287,B07N97DB99
288,B0989WS9XD
289,B09DTG58GG
290,B087GS7188
291,B07MSSR4QC
292,B07VPMTWMC
293,B00XIFMQ2Y
294,B08W53Q1WV
295,B08D6NVLDD
296,B07YWLZJP4
297,B08K2NT2G7
298,B086ZZBPY9
299,B07JV8SVPF
300,B09G82CPLG
301,B08PZ9N2F8
302,B07YQHGC9L
303,B086LM6C4V
304,B09C1XDZH6
305,B07MFM47MG
306,B08H5L51ZG
307,B00YD3DBOC
308,B09BQ1FBDW
309,B08P9XXQKY
310,B08N5GS4K2
311,B00Z0UX93U
312,B089G8X94T
313,B081LTXZ1R
314,B0864QKWTG
315,B06XDY3SJF
316,B07YQJZ8ZS
317,B08Y1ZF4F2
318,B07M93S8JC
319,B085K647FM
320,B09BKK2FXR
321,B08KFMN2PT
322,B07D5L78TH
323,B08RN6W9CZ
324,B08YJMMYBX
325,B087GTR74D
326,B083Z8JXW6
327,B07S78ZY1Q
328,B08KFNB3YR
329,B099HZBKDT
330,B096PQQYLS
331,B08R9TSCL9
332,B071L1KDVB
333,B08G3MBQQT
334,B08CG2Y55P
335,B08Z7BPVQH
336,B08H5L51ZG
337,B0997NRZ3F
338,B08FQ42MN1
339,B08Z7BPVQH
340,B08N5GNPS5
341,B0954Q2B9N
342,B08THS5LM6
343,B08YGLPQB6
344,B08GTSR3DJ
345,B01MSYK09J
346,B07N6ZBCVY
347,B08LCNNGZN
348,B0945FB39H
349,B0749R9Q3J
350,B0859NQH3F
351,B08GTSR3DJ
352,B06ZXZ3QBD
353,B08N5GNPS5
354,B079J4F4ZS
355,B08KWNK6HS
356,B08THS5LM6
357,B07QDPG7TG
358,B098HQ8YRX
359,B08M69PVV7
360,B07VFC787T
361,B08FQ42MN1
362,B08R9TSCL9
363,B08JFX77JC
364,B06X9D7JWP
365,B08RYTSQQQ
366,B07W5RJCVC
367,B07G3GMWLD
368,B08R6JJFGJ
369,B07YXP683D
370,B084VTBQDF
371,B093TB6HZH
372,B08NT54XWZ
373,B08LCMYT54
374,B07VT1WXGV
375,B08BG4GWRL
376,B07FXXQYW8
377,B00I2P6TEG
378,B08L3BHN3P
379,B08S3R3CFD
380,B00B2HH7G0
381,B08HCTXCBH
382,B098NHT123
383,B06ZXX9BPQ
384,B08XWKCC68
385,B08G57L985
386,B078TV7NMP
387,B091DS1FN6
388,B07Z7ZWC6S
389,B07F91BVS9
390,B089FJS412
391,B08Z5JNL1C
392,B098NKQ5J6
393,B08CYC6P3V
394,B08CYC6P3V
395,B01KJVERF8
396,B099PHX5XP
397,B07ZL57G3Z
398,B097SRYYQH
399,B08GL66PK4
400,B07WG3Z6W1
401,B087YF1JNB
402,B082VZP76P
403,B0959D7XDM
404,B09B2JVVK2
405,B08GFL598J
406,B0962SQCBV
407,B0863881T1
408,B0911MSYGW
409,B08NT54XWZ
410,B07ZL57G3Z
411,B07LCFXV41
412,B08XWKCC68
413,B079NGSWRL
414,B08GPMZPYV
415,B097QK6W46
416,B08T5SZYQN
417,B07D74DT3B
418,B07BFJSYFM
419,B08L9XDLY1
420,B07Q8TJ2KL
421,B07MKT2BNB
422,B084RF63FK
423,B08XQSSZHM
424,B085R9Q1K6
425,B08L9VHCGP
426,B08GFL598J
427,B083K13KGM
428,B0962SQCBV
429,B087RC8B79
430,B094QTGHNZ
431,B082VZP76P
432,B09B2JVVK2
433,B07LCFXV41
434,B08Z5YQVVK
435,B079NGSWRL
436,B07Z396MJD
437,B0863881T1
438,B0911MSYGW
439,B07YGY3RMQ
440,B095PF7FCR
441,B08LHJG983
442,B08CN5639W
443,B097QK6W46
444,B08T5SZYQN
445,B00ECDM78E
446,B084R38GNV
447,B091D4CRTP
448,B086JN9XGX
449,B07NFTWHSG
450,B012AQIOXQ
451,B07V465K93
452,B081B5CMVH
453,B087GCFMS1
454,B084TBCM2B
455,B0947SQDP3
456,B07FKM52MD
457,B07YF98LDJ
458,B07ZSYNSSG
459,B08HKYWG93
460,B08CVQ5SD9
461,B08S999YC8
462,B08GL5TJQT
463,B08NXVSL51
464,B07BGYSM1D
465,B07CNK7V2L
466,B01MXXQKGM
467,B08GL5TJQT
468,B07F91BVS9
469,B091DS1FN6
470,B0987468N2
471,B0946G9X6D
472,B089FJS412
473,B07JHFT63N
474,B08L9XDLY1
475,B07VPMTWMC
476,B00XIFMQ2Y
477,B08T5SZYQN
478,B093T973KX
479,B08KZS1W6N
480,B08M6DPP7B
481,B08BG5K665
482,B086TX1KF7
483,B0787LHG7K
484,B08T5SZYQN
485,B0946G9X6D
486,B08KZS1W6N
487,B098NLBN93
488,B093658MMG
489,B086TX1KF7
490,B08BG5K665
491,B095J937CX
492,B0833RF639
493,B08CXSGXJQ
494,B07YZ81GN3
495,B01M58BEUZ
496,B07ZG7R5BB
497,B086VJP65W
498,B089FMXYHT
499,B093658MMG
500,B08M6CMGV9
501,B01LW8JSV8
502,B07YLGH9Q5
503,B08ZMLSVTG
504,B096L3JJ39
505,B0854FSXGS
506,B084GWG1DM
507,B097H2F3YK
508,B089FMXYHT
509,B01LW8JSV8
510,B081CV8GB7
511,B07W6MS7JC
512,B084GWG1DM
513,B07MKT1W65
514,B01M58BEUZ
515,B098WWVFYY
516,B07L6WT77H
517,B08K4RMQBJ
518,B0787LHG7K
519,B08P1M54G6
520,B09BD1Z42M
521,B07JNCDLWS
522,B08B6BWV1D
523,B09BBPQ6P1
524,B09658247K
525,B097QF8CP3
526,B07JNH25KZ
527,B098WWVFYY
528,B0949KL83T
529,B07V6RJG4H
530,B076PMRRKG
531,B09FP3B2WK
532,B07JNCDLWS
533,B0846L4JRQ
534,B08K4RMQBJ
535,B07V6RJG4H
536,B08HD4FMMX
537,B07TVNF5WW
538,B08623SZH9
539,B08B6BWV1D
540,B08ZWRKHQM
541,B09FNTYQ3Q
542,B08MZMTCNL
543,B09BD1Z42M
544,B07RYTM279
545,B077HS5PT1
546,B0936NL7FW
547,B087NNL7MW
548,B096NGQ9SN
549,B09D914618
550,B09C1J6BV3
551,B086WNLPY4
552,B07NPJZGVR
553,B091YVRT8P
554,B08JXP45CQ
555,B09C862VCV
557,B082VZP76P
558,B07D74DT3B
559,B08B8471BF
560,B07PY6SS73
561,B07TDDSJ93
562,B087V5LP4N
563,B08C2HRGG6
564,B0863881T1
565,B0911MSYGW
566,B0756H5DF4
567,B0919Q9H8L
568,B076CTL3BD
569,B08V85XBFZ
570,B097QK6W46
571,B08T5SZYQN
572,B07BFJSYFM
573,B00ECDM78E
574,B08FJGH8DJ
575,B09BJX5CDR
576,B09GW9WTQH
577,B08DKLTXPR
578,B08L77J9M8
579,B08ZNYTNH7
580,B08XQSSZHM
581,B085R9Q1K6
582,B095X4Z4KN
583,B09FNXHYCX
584,B094QTGHNZ
585,B07YF98LDJ
586,B07ZSYNSSG
587,B0919X6HCS
588,B08DV5BNGB
589,B08BZB7B1Q
590,B0787RF8YB
591,B08NZ7KWVT
592,B091D61MRH
593,B08T1WVBQ4
594,B098785YZJ
595,B01MXXQKGM
596,B08WYCZDCK
597,B09CPGW8YQ
598,B00VRCLHYS
599,B095X5T99T
600,B0892MJVJM
601,B07VPMTWMC
602,B00XIFMQ2Y
603,B08HDQBMJN
604,B07G4PBPQX
605,B095J9MMP7
606,B08CHF4N91
607,B08PPPMZDX
608,B07SKS6CS7
609,B08NPQ1ZRV
610,B08448J4G5
611,B096HFVVKK
612,B08HSJ7789
613,B07D74DT3B
614,B07BFJSYFM
615,B08MWNYRPL
616,B085C172KQ
617,B08448J4G5
618,B071XYNPZD
619,B07MJHMQ8W
620,B0863881T1
621,B0911MSYGW
622,B09BPZWNPL
623,B07G4PBPQX
624,B06XRWZFLL
626,B097QK6W46
627,B08T5SZYQN
628,B00ECDM78E
629,B094QTGHNZ
630,B095X69NS2
631,B08TX51PWV
632,B081WRJPPV
633,B074XRWWFX
634,B08XQSSZHM
635,B085R9Q1K6
636,B01A02QFV0
637,B08Y7SHWZ8
638,B08PPFBFP2
639,B07YF98LDJ
640,B07ZSYNSSG
641,B07MJHMQ8W
642,B08PPFBFP2
643,B09BPZWNPL
644,B06XRWZFLL
645,B074XRWWFX
646,B081WRJPPV
647,B091G4V13S
648,B01MXXQKGM
649,B08H567BPH
650,B077DQGDMD
651,B0763TLGQ6
652,B08HSJ7789
653,B081P386Q2
654,B08FMVGT9N
655,B08YFL6KB2
656,B09G33Y8CM
657,B091KW13NG
658,B07G4N37D3
659,B093Z8WZSQ
660,B0847TD3FL
661,B089NJ24WZ
662,B01LH0KVP0
663,B09DWJYPLX
664,B072Q31B7J
665,B07P7LZFMM
666,B08FMVGT9N
667,B091KW13NG
668,B071KHH4YS
669,B07JY8JC1K
670,B08YFL6KB2
671,B0845SSTFB
672,B09G33Y8CM
673,B09DWJYPLX
674,B081P386Q2
675,B081NDZ14N
676,B08M6B6T1H
677,B07VPHNYGZ
678,B096LGGVL1
679,B08P23KM6J
680,B08SWM5G1W
681,B071X3K18J
682,B01N5RD30P
683,B07X575WWC
684,B07N7ZRKHR
685,B08PPR6H2B
686,B08TR2HWTB
687,B098R89VZY
688,B08P23KM6J
689,B07Q1JJZ88
690,B095X5KQY8
691,B08412P2GB
692,B08C9B3M2X
693,B01N3MA9CA
694,B07VWDDWQ9
695,B08L8GY577
696,B07SC8M6MF
697,B088TG3D5J
698,B08PPR6H2B
699,B08TR2HWTB
700,B098R89VZY
701,B095X5KQY8
702,B075RHSR4H
703,B091G4V13S
704,B07FT8ZBMR
705,B06WP4NSV5
706,B071X3K18J
707,B08S34XTLZ
708,B088TG3D5J
709,B08XMZZMW1
710,B0863GM4YR
711,B088LQL723
712,B0925WYMRX
713,B0979GK6CT
714,B06WP4NSV5
715,B084FTTMQH
716,B081D9HN6D
717,B07L2S5WCQ
718,B075RHSR4H
719,B088P87LHX
720,B08MWY9THF
721,B08F38MXZL
722,B07GVVJ4LQ
723,B07QHGD5QG
724,B0841T5FX9
725,B07ND3S56L
726,B07CPCHSV5
727,B07D5NJG1K
728,B078T62LGF
729,B07PWLKXNQ
730,B09332N7MH
731,B08D97P5M6
733,B074D3TDKJ
734,B074D3TDKJ
735,B09C19PBYN
736,B07BBX22DN
737,B08M9PZLYT
738,B091G24LBG
739,B08TWQSLMV
740,B085NFPMGK
741,B00IQOBOB6
742,B07QGBL568
743,B07FYM4DDP
744,B07D74DT3B
745,B07BFJSYFM
746,B088LYZXYG
747,B08LKFF6H5
748,B07SJ27N9H
749,B07PNG5W5Y
750,B07NQX4C7P
751,B07ND3S56L
752,B0863881T1
753,B0911MSYGW
754,B099RVLRRX
755,B00VDZYBJC
756,B07TDDSJ99
757,B07KGLDRVM
758,B07QHGD5QG
759,B09FNXL6G3
760,B097QK6W46
761,B08T5SZYQN
762,B00ECDM78E
763,B094QTGHNZ
764,B00VDZYBJC
765,B07NQX4C7P
766,B083XQJ6JP
767,B087GCYTLL
768,B08XQSSZHM
769,B085R9Q1K6
770,B07PNG5W5Y
771,B08X44N1LL
772,B07TDDSJ99
773,B09FNXL6G3
774,B099RVLRRX
775,B07ZSYNSSG
776,B096VTD3QY
777,B07GWGFW1B
778,B07DK2BLZT
779,B07KGLDRVM
780,B08MBKPMV4
781,B07P8PZCSB
782,B075Q3M26L
783,B081VZW9JC
784,B01MXXQKGM
785,B096HYL7KY
786,B09C197J8K
787,B09C7J5WGR
788,B09B2Z4TXJ
789,B08JQ6BP9D
790,B09BFWJ1W3
791,B08937ZPRC
792,B07VPMTWMC
793,B00XIFMQ2Y
794,B01G15982S
795,B00QSUMKYA
796,B092CL2J56
797,B07KQV19LH
798,B083HQYBN9
799,B0894Q5VH3
800,B00T3H2G1M
801,B087GCYTLL
802,B01G159CRE
803,B00QSUMKYA
804,B092CL2J56
805,B07KQV19LH
806,B08Z77MRS8
807,B083HQYBN9
808,B00T3H2G1M
809,B091GKWYP3
810,B07RD1G2KK
811,B096H8SZ6V
812,B07Q1N6WHT
813,B07QKSSQ66
814,B0931Z7MX5
816,B01BBOC16O
817,B0971LG1PL
818,B07H8R9DGY
819,B096LSWJM9
820,B081PMJ4XT
821,B097G21FHC
822,B000XVOOVC
823,B01F3801A2
824,B095BXSQWV
825,B07Q1N6WHT
826,B07J4SXNQ5
827,B093Z9SJDV
828,B08NXR4VLQ
829,B094XY8S47
830,B07Y5FFKGB
831,B095BXSQWV
832,B08QYXLJ5H
833,B0936R564K
834,B08927DRJ6
835,B082F3K84X
836,B08JV2W5PD
837,B07J4SXNQ5
838,B07MB7WT39
839,B07PW96NTV
840,B089ZQKYRN
841,B08NXR4VLQ
842,B091Z1HVTZ
843,B096YMQ3C8
844,B091QCK5ZF
845,B01G1593F0
846,B089YTCV92
847,B07GWGFW1B
848,B07Y5FFKGB
849,B06Y667NL6
850,B089YTCV92
851,B07QDKM6LH
852,B082F3K84X
853,B0936R564K
854,B00A6WZW6E
855,B098XQQP19
856,B08Z77MRS8
857,B07ZZYS7D1
858,B000A2AHUG
859,B01N7JSBBC
860,B07PSBHZL3
861,B01FFAFMM0
862,B08YY75J5Z
863,B07Q983665
864,B08XYNJ2FX
865,B07QDKM6LH
866,B00A6WZW6E
867,B06Y667NL6
868,B08G8MK47R
869,B095X4T1XY
870,B08Q69X962
871,B07RDYLTXX
872,B08HV9P6KV
873,B07FSWQK5V
874,B07RD1G2KK
875,B08RS1754H
876,B075CJDGX6
877,B07D74DT3B
878,B07BFJSYFM
879,B01HQNTAMW
880,B09FP4H99P
881,B07R3XJHWS
882,B098XQQP19
883,B0863881T1
884,B0911MSYGW
885,B09BJ7SCPX
886,B08RX2V4K6
887,B009GQD01A
888,B06XDZ7JR2
889,B09HH8JCRV
890,B097QK6W46
891,B08T5SZYQN
892,B00ECDM78E
893,B094QTGHNZ
894,B07PQ442W8
895,B0749D617J
896,B07R6QD6DK
897,B00LI6E9JI
898,B0865PR99D
899,B09CLPGS4D
900,B08XQSSZHM
901,B085R9Q1K6
902,B08XXGQ5VZ
903,B077BSP7C3
904,B0919SWNLF
905,B07QLQM3PS
906,B083R2B4YZ
907,B07YF98LDJ
908,B07ZSYNSSG
909,B07R3XJHWS
910,B07PQ442W8
911,B07Y7X9YBD
912,B08JV2W5PD
913,B096HKMSWQ
914,B088ML2BVG
915,B0943Q2Q61
916,B01MXXQKGM
917,B09HH8JCRV
918,B07Z7Q54N5
919,B08Y5X731D
920,B08HR3XZMW
921,B07GL27MC7
922,B07VHBR1LM
923,B09H54S5HD
924,B07BLSRLX3
925,B09BCCSWF9
926,B07FDDR4MN
927,B07VPMTWMC
928,B00XIFMQ2Y
929,B08HR3XZMW
930,B07FDDR4MN
931,B09H54S5HD
932,B07QHWD543
933,B01NAWJVKN
934,B07Z7Q54N5
935,B08HVB7F3G
936,B07WQW6H9S
937,B08QFKTJ3N
938,B09BCCSWF9
939,B08LV8NN62
940,B07N8WWDRK
941,B099JCR9KW
942,B08ZCXL8BD
943,B07KJL77B2
944,B08LB8F5TD
945,B07Q6XPPV7
946,B01A0FEBXQ
947,B084R38JQX
948,B07QHWD543
949,B08HVB7F3G
950,B08SK1L7CW
951,B082GFTZQD
952,B09HR8RC46
953,B08SK1L7CW
954,B07X962HL8
955,B09HR8RC46
956,B07LFTCW74
957,B085MXM2M2
958,B08HS5BPYG
959,B08SLXWFYR
960,B004AQZLJK
961,B0894RN7C5
962,B0922KVP4G
963,B08XWSM96G
964,B07KKK4DK6
965,B08L8FN16Q
966,B01M0MWJNP
967,B093GPC512
968,B07MPYLWGT
969,B08H8HZRLQ
970,B091FYFNV8
971,B01MRD91JY
972,B07WG72H8R
973,B07X8NC4GW
974,B01MD1GDWK
975,B01G1596CU
976,B0991W9MQ4
977,B0796XL54L
978,B093KCG61G
979,B099N65PGL
980,B08ML3MM9M
981,B083C12N57
982,B07KWY1NF9
983,B07KRX3QCQ
984,B0822TKNGB
985,B001HHNCQY
986,B094Z8MBHS
987,B08CND38PN
988,B093K2HDZF
989,B08WC3P9CW
990,B07VQVD4MV
991,B07ZJ6WRTM
992,B099HZ4MQ6
993,B07QX56KKR
994,B099NXFZQD
995,B00C3WYHSE
996,B07GBQ81L7
997,B00XEW3XV4
998,B0827Q6DPW
999,B09H99VXQL
1000,B01BUILA5E
1001,B07XV151JQ
1002,B09B3KB9YW
1003,B08RCJR3R5
1004,B08H5MVRSQ
1005,B085VQND7M
1006,B085VQND7M
1007,B084NWYRX4
1008,B093XYYNZC
1009,B01G16LC4E
1010,B000EFLUFU
1011,B07Y8966BX
1012,B07CVXYFG1
1014,B088MKPYD4
1015,B07DPTJ2ZG
1016,B071X8H5FB
1017,B01GVIAOTQ
1018,B0788Q7BSC
1019,B01HH6CMDC
1020,B078B3HMJK
1021,B07DKD92ZB
1022,B01ANT149S
1023,B07RG7ZR2P
1024,B08THMHGLN
1025,B092VVZ5T8
1026,B00008ELL5
1027,B092V6ZL9C
1028,B088JTD6JN
1029,B095X5YT94
1030,B073W4MRXQ
1031,B09DCWCHFM
1032,B0727ZQ21F
1033,B0932CX42D
1034,B010OTFF42
1035,B01G1590FS
1036,B088NGM8NM
1037,B07D74DT3B
1038,B07BFJSYFM
1039,B09GP7NVHK
1040,B000EFLUFU
1041,B07Y8966BX
1042,B07XF8Y364
1043,B0911MSYGW
1044,B08T5SZYQN
1045,B088JTD6JN
1046,B07ZYHWR95
1047,B082J63V3H
1048,B07PGJVH21
1049,B097QK6W46
1050,B08XQSSZHM
1051,B00ECDM78E
1052,B094QTGHNZ
1053,B07ZYHWR95
1054,B08B8WT59Q
1055,B01LDI7D9S
1056,B08P8NWPFH
1057,B085R9Q1K6
1058,B07R3RZC4F
1059,B08NXKTFJ2
1060,B09GWD9YPH
1061,B06X9SYFGM
1062,B0006BAUWG
1063,B08P59F94G
1064,B07YF98LDJ
1065,B07ZSYNSSG
1066,B0885ZFYM1
1067,B07P7NZZ3F
1068,B075JFHLQD
1069,B07R9Z7PD5
1070,B008GUVH62
1071,B076PM8WQ6
1072,B08NC5D339
1073,B08WPJM629
1074,B07YTVXCJM
1075,B09HR8ZY22
1076,B01MXXQKGM
1077,B091G3ZGFD
1078,B01HHXPALG
1079,B07WRV48ZW
1080,B002J94SYE
1081,B095X6QFTD
1082,B09B2PG3T9
1083,B08CRZ6H62
1084,B07GRHVY71
1085,B07SBYR523
1086,B07G3ZJ4MZ
1087,B098TNDQXR
1088,B07VPMTWMC
1089,B00XIFMQ2Y
1090,B07TN5ZFRN
1091,B06X9SYFGM
1092,B07YQG34ZK
1093,B08GYCDSCS
1094,B08XQSSZHM
1095,B083KJL5JF
1096,B07WRV48ZW
1097,B091G38XY9
1098,B07QVRJ5H5
1099,B01G76SALQ
1100,B07KLDKM5D
1101,B082VZP76P
1102,B091G38XY9
1103,B07QVRJ5H5
1104,B01G76SALQ
1105,B083KJL5JF
1106,B07C8KZPDS
1107,B07QB2FGSL
1108,B00PYWSYDE
1109,B08JBY68CK
1110,B08G427XHK
1111,B07F6WKKJP
1112,B07NP7Y6ZV
1113,B0816KZR9Z
1114,B08DTLLZ55
1115,B09DFJDYW2
1116,B08GQ3PBH3
1117,B086YRHZXJ
1118,B07PQJHJWS
1119,B099MZDHKV
1120,B00UVPSXWG
1121,B003XDUCAY
1122,B004BQ0OGY
1123,B07G2ZF6GD
1124,B071L58MQP
1125,B099MJ3VQJ
1126,B074Z6FCFW
1127,B07Q3FCCHX
1128,B08BYMNQH3
1129,B08J821VQK
1130,B0814Q6LRF
1131,B08NF8PSPH
1132,B08DTLLZ55
1133,B08SWTXHSH
1134,B09H2W4ZWF
1135,B08J821VQK
1136,B0927KDSZ7
1137,B07T7TG1MR
1138,B09GK7DSHD
1139,B07F6WKKJP
1140,B07PV6D752
1141,B07RXJ7CFT
1142,B0927KDSZ7
1143,B09GK7DSHD
1144,B07Z8NQQN8
1145,B07RXJ7CFT
1146,B07XBPD5BF
1147,B00OZLG2YS
1148,B0038R9C8I
1149,B0046CBB9C
1150,B07QGDB1MX
1151,B00YUU3Q0M
1152,B01N4FL014
1153,B00V3AIUXK
1154,B07P6Y4MF2
1155,B07RLWF6DM
1156,B07NQ3ZSZT
1157,B07S1LLP53
1158,B083V7WK15
1159,B099MZZ8J5
1160,B09CFZL3V8
1161,B09CFZL3V8
1162,B096N3W6QG
1163,B00QMMMFU8
1164,B07NQQYT82
1165,B081JY4TNP
1166,B07L9XM11M
1167,B07F8114JT
1168,B083V7WK15
1169,B082B356DS
1170,B07ZFZ6Y6N
1171,B081JY4TNP
1172,B092W5KN92
1173,B01GSJNCCY
1174,B07F8114JT
1175,B08YNNNQFV
1176,B00QMMMFU8
1177,B09H73X6FQ
1178,B07ZFZ6Y6N
1179,B07L9XM11M
1180,B000067O6S
1181,B092W5KN92
1182,B01GSJNCCY
1183,B07JJW4VBX
1184,B0087G3F7Y
1185,B00IN83NJG
1186,B09H73X6FQ
1187,B06Y2G3PBH
1188,B08YNNNQFV
1189,B000067O6S
1190,B08W1WJNQ8
1191,B08QGXSPZ5
1192,B09GS97F5L
1193,B093H8M5RT
1194,B08Z8CBFSX
1195,B07NQQYT82
1196,B07MBD6TTP
1197,B09C1P9MRL
1198,B08LB9MGVQ
1199,B08Y5VJKV1
1200,B07VBG4QGL
1201,B07MZTLSQ9
1202,B08W1WJNQ8
1203,B08QGXSPZ5
1204,B08Z8CBFSX
1205,B08YNNNQFV
1206,B07NQ3RJ4K
1207,B08M5NGRWL
1208,B07MBD6TTP
1209,B09C1T7CC3
1210,B00005IBYS
1211,B01N5NFX7F
1212,B00MKNOWHM
1213,B07FTQH69K
1214,B07XRVWBFT
1215,B07D74DT3B
1216,B07BFJSYFM
1217,B0789G31QT
1218,B07FTQH69K
1219,B093DHVYNB
1220,B01N8UV47C
1221,B097QK6W46
1222,B0911MSYGW
1223,B07YQW1CJ5
1224,B07HD3JCK2
1225,B07D5CDRDQ
1226,B08PS8XJ3Y
1227,B09D33MCTH
1228,B08T5SZYQN
1229,B08XQSSZHM
1230,B00ECDM78E
1231,B094QTGHNZ
1232,B084VQZP1X
1233,B07ZVMWPZP
1234,B093DHVYNB
1235,B07KP34NMJ
1236,B07CVZCGDB
1237,B085R9Q1K6
1238,B0811ZRZKN
1239,B07X9LXZ25
1240,B00ZXUTXCS
1241,B08KZXSJW2
1242,B0933L9YMN
1243,B01N1PMTN6
1244,B07YF98LDJ
1245,B07ZSYNSSG
1246,B09C2VS76G
1247,B08Y62728B
1248,B01NCTDMD0
1249,B07RQDFX3R
1250,B00008ELL4
1251,B000XVI4ZY
1252,B08B8542LX
1253,B08LC75HQB
1254,B06WVB6DHF
1255,B07YSWQLR9
1256,B01MXXQKGM
1257,B07YWZH3TZ
1258,B08FJ33247
1259,B07XQLQYCK
1260,B0852NW9FM
1261,B07TC63WP6
1262,B099MXDC89
1263,B093KHQ14M
1264,B00627BFFO
1265,B07S82CN57
1266,B0992K9DFN
1267,B07VPMTWMC
1268,B00XIFMQ2Y
1269,B0992K9DFN
1270,B07VVNN5YD
1271,B097ZF39BT
1272,B094R4DXF4
1273,B07RPSYHDH
1274,B089776W36
1275,B08XXYD8X8
1276,B08T9YF6FX
1277,B08T9XFPN2
1278,B08T9XFPN2
1279,B000JQ586G
1280,B092V5XKY4
1281,B093KHQ14M
1282,B004X9B41I
1283,B082XSY45V
1284,B01MFHH6W2
1285,B0014ZROS6
1286,B007YCO5EO
1287,B07CKTDWC2
1288,B097ZF39BT
1289,B08FJ27T5Z
1290,B092V5XKY4
1291,B08GWXGK9Z
1292,B087CNJYB4
1293,B07Z25LWTS
1294,B081S6S5P5
1295,B00W1THV6Y
1296,B07BSZZ37N
1297,B07P8P3X6M
1298,B07V2QGRW1
1299,B075R8ZRQ8
1300,B08XJHX3K6
1301,B09F3J26V2
1302,B00O4DRQV0
1303,B0957KL185
1304,B07R46H2CY
1305,B07W3RW7X5
1306,B06W5DTGKC
1307,B07ZVPTRSD
1308,B08P5NBJ4B
1309,B0957NHJPX
1310,B081BHQGLR
1311,B094CCLN9X
1313,B07S74MP36
1314,B083TG7Y9B
1315,B08TLX89SD
1316,B07ZV3TBW7
1317,B08Y5ZFP8P
1318,B088ZM5N6X
1319,B07S695VQM
1320,B003WRT7CA
1321,B06X9NJ2NR
1322,B07KPZ7JSR
1323,B0821KGFC8
1324,B093PTR5M1
1325,B092DG7W36
1326,B07QS71TZJ
1327,B08XM3BGJW
1328,B07DW5SYT1
1329,B096KDLKD4
1330,B08R5CCRFD
1331,B095HHZK6K
1332,B07DL2DRC7
1333,B07S8Z52VG
1334,B076X6H2KR
1335,B07SG41MPM
1336,B083FJXCW2
1337,B0849YF9K5
1338,B01MZ1DMDS
1339,B084L8Z9G9
1340,B07W63N4YR
1341,B084KGZDVV
1342,B08HQMPC8J
1343,B07463ZJMW
1344,B08HPV6JW7
1345,B002RMPASG
1346,B07Z4JBDCD
1347,B07Z4KG8SC
1348,B07NSTLS8K
1349,B01MZ1DMDS
1350,B08G859BHM
1351,B01M5DBTTJ
1352,B08HQMPC8J
1353,B08HPV6JW7
1354,B002RMPASG
1355,B07Z4KG8SC
1356,B096QMD3PS
1357,B07C9RV195
1358,B07Z4JBDCD
1359,B08WYRY52S
1361,B00PA91ZP0
1362,B07DMCR29K
1363,B07D74DT3B
1364,B07BFJSYFM
1365,B08L4J3S1R
1366,B094K2X937
1367,B08SM7V5WF
1368,B07KPCYMHM
1369,B08PZ9N2F8
1370,B0911MSYGW
1371,B08DXBRT8W
1372,B07NSTLS8K
1373,B0972LZY1W
1374,B08FR62M6J
1375,B07Z477SDF
1376,B08T5SZYQN
1377,B08XQSSZHM
1378,B00ECDM78E
1379,B094QTGHNZ
1380,B004MM3X92
1381,B07DN5NNY3
1382,B07D7NSBCD
1383,B015E8EDYQ
1384,B08MWGJX54
1385,B099MSDP5L
1386,B085R9Q1K6
1387,B07JVWSJZN
1388,B081SJXLD5
1389,B084TC296K
1390,B0834K18DW
1391,B07V1M1PP1
1392,B094RGN515
1393,B07YF98LDJ
1394,B07ZSYNSSG
1395,B01MT0OIKA
1396,B09C4T55VW
1397,B07P6MJPTD
1398,B07P5GDRBF
1399,B07PW6N61N
1400,B083QFN2SX
1401,B0051MVZGK
1402,B092DGLZLM
1403,B08HNHYL2M
1404,B09CV871W1
1405,B07SDG8SBR
1406,B01MXXQKGM
1407,B08DY2GKCG
1408,B07MLSPQWY
1409,B08LBDHN7L
1410,B08LT2B47N
1411,B004JRIYYO
1412,B08VRXT7WQ
1413,B07FNGNKDS
1414,B07JHLXRNL
1415,B07WRJJ2WR
1416,B07YJSS67C
1417,B08DCFHM8Y
1418,B08MTJLD6L
1419,B07VPMTWMC
1420,B00XIFMQ2Y
1421,B08MTJLD6L
1422,B095N6SGP8
1423,B07141QFRG
1424,B07SSX82F9
1425,B08GPQ4CNQ
1426,B093S1NPQK
1427,B06XHYDYKJ
1428,B07KP8T4CX
1429,B01H013FGC
1430,B08WTZ924D
1432,B07SPY2JFS
1433,B07SPY2JFS
1434,B093NZRMKS
1435,B08XJTFMY3
1436,B09G94T3DP
1437,B07KPTH7T7
1438,B06XNZ4N5L
1439,B081JXTVZW
1440,B078YDG157
1441,B07DN4KJ9J
1442,B08MWFRM3C
1443,B07MT3PK1G
1444,B07CXXHRP9
1445,B003TPAR24
1446,B07C5N7YFL
1447,B01MRZ04PV
1448,B07WXH9ZNP
1449,B07DGXWWS7
1450,B07DKYTHPV
1451,B077Z466W3
1452,B093WFT5GY
1453,B00JMM89NC
1454,B09574L9JJ
1455,B07W63K4YM
1456,B003TP2PU6
1457,B07R4LWF9S
1458,B01N5AMCLT
1459,B07Q7N8WFN
1460,B0815SRJ6K
1461,B08VWHGHP1
1462,B07PKSZ3XK
1463,B09884CBMV
1464,B092PNGD55
1465,B07SVVHXQJ
1466,B092R8RYG4
1467,B08HQWL4C6
1468,B097Y7C22K
1469,B099KSV4YQ
1470,B004PAPLXM
1471,B004H2QRR2
1472,B07DLLV7XH
1473,B01HPV7KL8
1474,B004PAVHBC
1475,B07D99TGD9
1476,B07KPZ9L7J
1477,B07GJ7S8M3
1478,B07D74DT3B
1479,B07BFJSYFM
1480,B0149KTCUU
1481,B07FK5BPWZ
1482,B08J7GGRYF
1483,B08FYRFDXP
1485,B07KPZKJZP
1486,B08H5L51ZG
1487,B0911MSYGW
1488,B07D4HDYKC
1489,B096FQBRBM
1490,B07V7GGWMM
1491,B07T2SV1CT
1492,B01NBM4CRQ
1493,B08T5SZYQN
1494,B08XQSSZHM
1495,B00ECDM78E
1496,B094QTGHNZ
1497,B0844P7C6T
1498,B07TFTBN8D
1499,B004UIN5K0
1500,B08RWC5VHM
1501,B00GDGXSVI
1502,B08GQQDNYX
1503,B085R9Q1K6
1504,B092R7XXJC
1505,B003TP2S6C
1506,B08BXF7M5M
1507,B07P5LTGR4
1508,B07HRMWPBQ
1509,B087PCKMWB
1510,B07YF98LDJ
1511,B07ZSYNSSG
1512,B0062HW7V0
1513,B07Z63N31C
1514,B08DCH2Y4T
1515,B07VSP4WH4
1516,B07BSFDWLK
1517,B095K4GV5P
1518,B092J259MB
1519,B003F6KA7Y
1520,B083KC997M
1521,B0199NG98U
1522,B07Q3PVJRZ
1523,B01MXXQKGM
1524,B08YRMYH3K
1525,B003TP2S6C
1526,B005L8VEW4
1527,B07KPZ81QJ
1528,B00E1R7Z4C
1529,B08SQPB4FR
1530,B08JZDBXMH
1531,B078ML5N61
1532,B0047OOSZS
1533,B06XHWJFWC
1534,B07D9BD76M
1535,B07VPMTWMC
1536,B00XIFMQ2Y
1537,B07T73GW6D
1538,B091THF3VZ
1539,B07CG917PR
1540,B00008KJ2A
1541,B07W2XK6MY
1542,B08H82VZ28
1543,B004TSE00K
1544,B07S7PJYM6
1545,B084TD6JYJ
1546,B07QW3JF9V
1547,B08KZZQG26
1548,B0876Z1K71
1550,B08XLZVMZN
1551,B07JCQCQH6
1552,B004PKS2L0
1553,B08111VDC6
1554,B07YX62TC5
1555,B007QEE1XU
1556,B095HH4T6Z
1557,B07D994K22
1558,B07D994K22
1559,B01NAKS4UW
1560,B0814MKTFN
1561,B07R4W8H6K
1562,B07M9Y2YPM
1563,B08JGGG6K3
1564,B071NZ86VR
1565,B07WFYYPJW
1566,B0081R1Q8Y
1567,B07MVV1MR4
1568,B092DHWGNM
1569,B01NAKS4UW
1570,B07DH7Q1BY
1571,B08CH99LQS
1572,B07JCQCQH6
1573,B07QW3JF9V
1574,B07D9BRV69
1575,B07WDW1MGC
1576,B07D99JCP3
1577,B0834L21T2
1578,B004KT7XY8
1579,B07QLW634S
1580,B00585CLSQ
1581,B07W532W3X
1582,B07ZV48NG8
1583,B093T7SXHL
1584,B0857J425S
1585,B07W4YLQ5F
1586,B074DSZ4M9
1587,B00X45BQF6
1588,B00I0QZMPE
1589,B00PJ2TVPY
1590,B005L8VF8C
1591,B07X2BTCR1
1592,B00NGT0A9I
1593,B07TBJ1Q6Z
1594,B07WDW1MGC
1595,B085C5R1Q4
1596,B08PZF56X9
1597,B07DH7Q1BY
1598,B08F9XTKGK
1599,B084TBMM1T
1600,B08YDYNK1Z
1601,B07Z88TVGS
1602,B08H24H7KX
1603,B007RDBAGQ
1604,B07Z1WYRQH
1605,B08VGT2T42
1606,B084SGXVYB
1607,B01MFCHVFR
1608,B07Y9MVCLB
1609,B004KT7XY8
1610,B00HMFCRDO
1611,B07D9BRV69
1612,B0834L21T2
1613,B08R8YQMN9
1614,B08FB77YY2
1615,B0855TB46H
1616,B00FI1ZU10
1617,B07PPR3416
1618,B08FM9N6M3
1619,B07DGXZ7RM
1620,B08P56J2C8
1621,B0086KTM9Q
1622,B00BOGX2TU
1623,B091ZJ2BV7
1624,B08D67FLSZ
1625,B004KT7XY8
1626,B00HMFCRDO
1627,B07D9BRV69
1628,B0834L21T2
1629,B08R8YQMN9
1630,B08XYR3Q3R
1631,B08JVGNZWL
1632,B07WR48MVD
1633,B0855TB46H
1634,B07PPR3416
1635,B07DGXZ7RM
1636,B00B4G0838
1637,B09DWJYPLX
1638,B09BNYC2G4
1639,B0069SCOGU
1640,B000Q5Y78A
1641,B08R2B9ZY7
1642,B081S819ZZ
1643,B08SLRDDFD
1644,B087CF8XD9
1645,B09BNZDLRK
1646,B0083PXOMU
1647,B0887T9VPM
1648,B07BSFQB8J
1649,B07KPW874T
1650,B08W4TQ2YB
1651,B07D7SV1HX
1652,B08Q7W2SQW
1653,B07XXRX1C5
1654,B09682LSYS
1655,B07YRRY7BN
1656,B07T55TFKP
1657,B01N9LH9MC
1658,B08TBSNPRH
1659,B07BSMTKVT
1661,B09BJTXJVP
1663,B06X9SJ8HF
1664,B07YSW9SYC
1665,B01NCN2BRV
1666,B01N5J57YP
1667,B07DGZ983V
1668,B09336MYHH
1669,B083HZ3H1D
1670,B07QLRD3TM
1671,B07L126SSL
1672,B093ZH4XNH
1673,B081M986TR
1674,B01CT6XV1C
1675,B098X2PMZB
1676,B093D8Y5QB
1677,B0815337SG
1678,B000IF51UQ
1679,B011NQMM5U
1680,B07P8PLSG2
1681,B08TZNV88L
1682,B008ZH3S54
1683,B08DR5WXSW
1684,B07DCLK55V
1685,B07NZM5WBC
1686,B083G6KVT9
1687,B00HVV4ZXY
1688,B003F6GB3Q
1689,B07B3TMQTY
1690,B08FYQV163
1691,B08F26Q4F1
1692,B0814PWG9Y
1693,B0975PN8FK
1694,B0002J1HQA
1695,B08PDYT2MG
1696,B095N9M8WT
1697,B07Z8P6D3P
1698,B075DJMVW2
1699,B007I94IN6
1700,B01N5J5HQK
1701,B0188ULASE
1702,B0814NKMNK
1703,B08RWB537N
1704,B081893P52
1705,B07L7ZXTL9
1706,B09BJTXJVP
1707,B07QPP68TG
1708,B07D9B2GFR
1709,B0097GGHAU
1710,B079N6731K
1711,B07PQVBG5Y
1712,B09336MYHH
1713,B083HZ3H1D
1714,B07WCF6CWQ
1715,B08V5538C6
1716,B004HDHZ9A
1717,B08164LCV5
1718,B00IQCRP7U
1719,B0815Y25NM
1720,B093D8Y5QB
1721,B0815337SG
1722,B00HVV4ZXY
1723,B003F6GB3Q
1724,B07B3TMQTY
1725,B08FYQV163
1726,B0975PN8FK
1727,B0002J1HQA
1728,B07DCLK55V
1729,B0911MSYGW
1730,B08PDYT2MG
1731,B095N9M8WT
1732,B07Z8P6D3P
1733,B007I94IN6
1734,B01N5J5HQK
1735,B07BFJSYFM
1736,B087M32BFB
1737,B08NDSCX2T
1738,B01JA4WUPO
1739,B09163RWWF
1740,B07L8BLV1F
1741,B085FPPRTZ
1742,B0827CL8WS
1743,B07DBXMFSN
1744,B08JVGNZWL
1745,B08KSRGTWC
1746,B08F9RKLSL
1747,B01GJL87NK
1748,B081S71FF1
1749,B07HGS5JBP
1750,B07T4WZ22Q
1751,B00ECDM78E
1752,B07C9RV195
1753,B01HHOETIA
1754,B07XVDKLC5
1755,B08HSJG3LK
1756,B00ODCLZPA
1757,B07XX4RLQW
1758,B08T5SZYQN
1759,B08XQSSZHM
1760,B07XRV57RK
1761,B004TSN7IG
1762,B06X9P824L
1763,B01NCMOU5B
1764,B0788Q5DCX
1765,B093PZ74FH
1766,B085R9Q1K6
1767,B08XSCDLDQ
1768,B087LR1NZN
1769,B07CRSH25X
1770,B091C17V21
1771,B016UPDUBO
1772,B096N5S5W6
1773,B088FJ4B8X
1774,B07GVRD27V
1775,B094QTGHNZ
1776,B08B3V2C15
1777,B00FM67SPW
1778,B00I3L5EA4
1779,No
1780,B01N4EPUOU
1781,B00IYFAL5M
1782,B075M1XHCK
1783,B08PMVMK16
1784,B07NVZLZKP
1785,B01GJL87NK
1786,B081S71FF1
1787,B07HGS5JBP
1788,B071VC8NNL
1789,B07C9RV195
1790,B07XVDKLC5
1791,B08HSJG3LK
1792,B00ODCLZPA
1793,B004TSN7IG
1794,B06X9P824L
1795,B07MFHJH5M
1796,B06ZYR66QB
1797,B00ILHAEBY
1798,B01EG8RLIA
1799,B08TTSW12L
1800,B07DNBWZZM
1801,B09DWJYPLX
1802,B08FYJ8PP4
1803,B00HEQ010M
1804,B005HPH0FG
1805,B08P2224V6
1806,B081RM9YX8
1807,B072N1MFJK
1808,B076HXWR9M
1809,B08599LH5H
1810,B08B3V2C15
1811,B00FM67SPW
1812,B00I3L5EA4
1813,No
1814,B01N4EPUOU
1815,B00IYFAL5M
1816,B07BQ1HVYX
1817,B07CNQDLQB
1818,B0002J1I00
1819,B0972YTYM2
1820,B091GHTWS5
1821,B000NV7K8G
1822,B07WKL3DSF
1823,B078J7FSWM
1824,B095HRYD5Y
1825,B095HPGXD6
1826,B095HMLC4X
1827,B095HK9QQY
1828,B095HJYVDN
1829,B095HDRS56
1830,B07FB6SY6Z
1831,B095HCVKB5
1832,B095HCS6LJ
1833,B095HCLYNP
1834,B095H5M3CD
1835,B094K21X24
1836,B0779JSRH5
1837,B09385H96S
1838,B08Z77MRS8
1839,B08B6FMPTP
1840,B091C23FVZ
1841,B091C1Y2HR
1842,B091BY1NV6
1843,B091BWPF3X
1844,B091BTPZ5L
1845,B091BTD49Q
1846,B091KW13NG
1847,B09883C4MZ
1848,B00F2BF1UG
1849,B08W51Z2X8
1850,B08JCH9ZH8
1851,B07CLN328K
1852,B08XMR3V3D
1853,B08KHP5MV8
1854,B08DDH5CPW
1855,B08XMR3V3D
1856,B08XMNLS21
1857,B08XMLM3KB
1858,B08XMDZ3SR
1859,B08XM6XX7Z
1860,B08XM66KH2
1861,B08XM61LXS
1862,B08XLXS52J
1863,B08XLT6P4F
1864,B08XLQ146C
1865,B08XLHW4T7
1866,B08W1SYMX1
1867,B08592LFVF
1868,B07QFYRGW8
1869,B08V13DNZ8
1870,B08TWX5KLK
1871,B08TWFBWFQ
1872,B08TWD16WG
1873,B083TJRRVD
1874,B07ZH49WJM
1875,B00JOG0632
1876,B004OY1EQM
1877,B07Q4XNLQV
1878,B08SM3S624
1879,B08SLSWVLF
1880,B07QVNKKZS
1881,B07YF98LDJ
1882,B08PP16TST
1883,B07B4VKSCM
1884,B083F2V1JZ
1885,B07NBWW3G1
1886,B07FR4TCYM
1887,B01N3AC3B6
1888,B01LXNLGHE
1889,B005CFTY32
1890,B0047EDUSE
1891,B077RYR1NL
1892,B07LB4V2JB
1893,B07W74D2QR
1894,B07ZSYNSSG
1895,B00FLOUBE0
1896,B0095ZDGNE
1897,B08HQW1FMH
1898,B08GY8X3T6
1899,B08GWTZ47F
1900,B08GK7VDND
1901,B08FQZS56D
1902,B08DTP7G9L
1903,B07YDWGPWM
1904,B087RMKMX7
1905,B01K2UV4KW
1906,B07PHFH1RH
1907,B07Q2RXW82
1908,B01MU88N6O
1909,B07DQC1X6X
1910,B07DKXXXKW
1911,B079ZRZZ8X
1912,B079P5TSB1
1913,B083WQNZP2
1914,B083NTY67W
1915,B0833W69F6
1916,B0832WZ55X
1917,B081GXTDBW
1918,B08NTK5C2Q
1919,B08XLT6P4F
1920,B08XLQ146C
1921,B08XLN598D
1922,B08XLHW4T7
1923,B08W1WJY23
1924,B08W1SYMX1
1925,B08V13DNZ8
1926,B08TWX5KLK
1927,B08TWFBWFQ
1928,B08TWD16WG
1929,B083TJRRVD
1930,B07ZH49WJM
1931,B08PVZKTQF
1932,B01MXXQKGM
1933,B00JOG0632
1934,B00ED3JTI4
1935,B00BT9KJ7K
1936,B004OY1EQM
1937,B07Q4XNLQV
1938,B08SM3S624
1939,B08SLSWVLF
1940,B08S72VGXT
1941,B08RS3J1W7
1942,B08PPD3FFV
1943,B08PP16TST
1944,B08Z4HXHYZ
1945,B097QFQWPX
1946,B07KPW1C4C
1947,B07KPVND1T
1948,B07KPTLFR8
1949,B07KP9P4HG
1950,B07KP8QQWG
1951,B07KP7YLL2
1952,B07K9KNKL3
1953,B07JQJLZJX
1954,B07RHYXLFX
1955,B07QY6Z78C
1956,B093TWK92M
1957,B08NTL3357
1958,B07QY6Z78C
1959,B07Z1NSLYW
1961,B08LSJ5C4S
1962,B08FDB3X4H
1964,B01M22YVOU
1965,B08DWKP89C
1966,B075WZ4RCJ
1967,B07KP9GG8M
1968,B07PPRS65W
1969,B07KP9GG8M
1970,B09FRZQKDL
1971,B005GLS6XQ
1972,B01CO7P858
1973,B008FOFAJE
1974,B00ENYLCOM
1975,B07VYVH55M
1976,B01MZ2FWCU
1977,B009PH19YK
1978,B009NCYLDS
1979,B01NBX1Q2T
1980,B09BJTXJVP
1981,B07KP8QQWG
1982,B07KP7YLL2
1983,B07K9KNKL3
1984,B07JQJLZJX
1985,B07RHYXLFX
1986,B09336MYHH
1987,B07QY6Z78C
1988,B07Z1NSLYW
1990,B08LSJ5C4S
1991,B08FDB3X4H
1993,B093D8Y5QB
1994,B0815337SG
1995,B00B2HA1TA
1996,B017WST2E2
1997,B0061RVX0C
1998,B07FYM1CR6
2000,B08KP35JTL
2001,B0911MSYGW
2002,B01N0FA8IN
2004,B001NJOUM6
2005,B088FJC9KG
2006,B088FJBJRK
2007,B07BFJSYFM
2008,B075DJMVW2
2009,B08F26Q4F1
2010,B07DCLK55V
2011,B08N1CRGWR
2012,B08N1BN88T
2013,B08N19KP77
2014,B08N18CX4H
2015,B08MX5L8JQ
2016,B08MX4NF6R
2017,B00ECDM78E
2018,B08T5SZYQN
2019,B08MX2VXXZ
2020,B08L4M5Y45
2021,B08L4HKRTZ
2022,B08L4G69KK
2023,B08L4CKXXG
2024,B08J2V4NMV
2025,B08XQSSZHM
2026,B091KW13NG
